"","V1"
"1","Afghanistan.1_new.csv"
"2","Afghanistan.2_new.csv"
"3","Afghanistan.3_new.csv"
"4","Afghanistan.4_new.csv"
"5","Afghanistan.5_new.csv"
"6","Afghanistan.6_new.csv"
"7","Africa_new.csv"
"8","Albania_new.csv"
"9","Angola.1_new.csv"
"10","Angola.2_new.csv"
"11","Argentina.2_new.csv"
"12","Argentina.3_new.csv"
"13","Argentina.4_new.csv"
"14","Argentina.5_new.csv"
"15","Asia_new.csv"
"16","Aust.Abor.1_new.csv"
"17","Aust.Abor.2_new.csv"
"18","Aust.Cauc._new.csv"
"19","Azerbaijan_new.csv"
"20","Azores.2_new.csv"
"21","BahiaBlanca.238_new.csv"
"22","Bangladesh.1_new.csv"
"23","Bangladesh.248_new.csv"
"24","Basque.1_new.csv"
"25","Basque.3_new.csv"
"26","Belarus.1_new.csv"
"27","Belgium.2_new.csv"
"28","Berber.1_new.csv"
"29","Berber.2_new.csv"
"30","Berber.3_new.csv"
"31","Berber.4_new.csv"
"32","Bosnia.2_new.csv"
"33","Brazil.1_new.csv"
"34","Brazil.12_new.csv"
"35","Brazil.2_new.csv"
"36","Brazil.3_new.csv"
"37","Brazil.4_new.csv"
"38","Brazil.7_new.csv"
"39","BuenosAires.250_new.csv"
"40","CanCau.243_new.csv"
"41","Cauca.227_new.csv"
"42","CearaBrazil.232_new.csv"
"43","China.1_new.csv"
"44","China.10_new.csv"
"45","China.11_new.csv"
"46","China.12_new.csv"
"47","China.14_new.csv"
"48","China.17_new.csv"
"49","China.19_new.csv"
"50","China.2_new.csv"
"51","China.20_new.csv"
"52","China.21_new.csv"
"53","China.22_new.csv"
"54","China.24_new.csv"
"55","China.25_new.csv"
"56","China.26_new.csv"
"57","China.28_new.csv"
"58","China.29_new.csv"
"59","China.30_source_new.csv"
"60","China.31_new.csv"
"61","China.34_new.csv"
"62","China.37_new.csv"
"63","China.38_new.csv"
"64","China.39_new.csv"
"65","China.5_new.csv"
"66","China.6_new.csv"
"67","China.7_new.csv"
"68","China.8_new.csv"
"69","China.9_new.csv"
"70","Chubut.250_new.csv"
"71","Colombia.1_new.csv"
"72","Colombia.2_new.csv"
"73","Colombia.3_new.csv"
"74","Colombia.4_new.csv"
"75","Colombia.6_new.csv"
"76","Cordoba.250_new.csv"
"77","Cree.243_source_new.csv"
"78","Croatia.1_new.csv"
"79","Derung.249_new.csv"
"80","Dutch.223_new.csv"
"81","E.Slovak.5_new.csv"
"82","E.Slovak.6_new.csv"
"83","Eq.Guinea.2_new.csv"
"84","ETimor.229_new.csv"
"85","Eygpt.1_new.csv"
"86","Eygpt.2_new.csv"
"87","Eygpt.3_new.csv"
"88","FujianChina.233_new.csv"
"89","Greece.2_new.csv"
"90","Greece.4_new.csv"
"91","Haiti_new.csv"
"92","HanShanghai.221_new.csv"
"93","Hungary.1_new.csv"
"94","Hungary.3_new.csv"
"95","India.1_new.csv"
"96","India.14_new.csv"
"97","India.15_new.csv"
"98","India.16_new.csv"
"99","India.17_new.csv"
"100","India.2_new.csv"
"101","India.3_new.csv"
"102","India.4_new.csv"
"103","India.5_new.csv"
"104","India.6_new.csv"
"105","India.8_new.csv"
"106","Indonesia_new.csv"
"107","Inuit.1_new.csv"
"108","Inuit.3_source_new.csv"
"109","Iran.1_new.csv"
"110","Iran.2_new.csv"
"111","Iraq_new.csv"
"112","Italy.7_new.csv"
"113","Japan.1_new.csv"
"114","Japan.2_new.csv"
"115","Japan.236_new.csv"
"116","Jewish.1_new.csv"
"117","Khoe_new.csv"
"118","Korea.2_new.csv"
"119","Korea.3_new.csv"
"120","Macedonia.2_new.csv"
"121","Malaysia.1_new.csv"
"122","Malaysia.2_new.csv"
"123","Malaysia.3_new.csv"
"124","Malaysia.4_new.csv"
"125","Maldives_new.csv"
"126","Malta_new.csv"
"127","MarDelPlata.238_new.csv"
"128","Mayan.240_new.csv"
"129","Mazatex.240_new.csv"
"130","Mexico.1_new.csv"
"131","Mexico.2_new.csv"
"132","Mexico.3_new.csv"
"133","Mexico.4_new.csv"
"134","Mexico.5_new.csv"
"135","Mexico.6_new.csv"
"136","Morocco.3_new.csv"
"137","Mozambique_new.csv"
"138","NahuaChapala.240_new.csv"
"139","NahuaPuebla.240_new.csv"
"140","Nat.Am.1_new.csv"
"141","Nat.Am.10_new.csv"
"142","Nat.Am.11_new.csv"
"143","Nat.Am.12_new.csv"
"144","Nat.Am.13_new.csv"
"145","Nat.Am.14_new.csv"
"146","Nat.Am.15_new.csv"
"147","Nat.Am.16_new.csv"
"148","Nat.Am.2_new.csv"
"149","Nat.Am.4_new.csv"
"150","Nat.Am.8_new.csv"
"151","Nat.Am.9_source_new.csv"
"152","Nepal_new.csv"
"153","Neuquen.250_new.csv"
"154","Nicaragua_new.csv"
"155","Nu.249_new.csv"
"156","NZAsian_new.csv"
"157","NZCauc.1_new.csv"
"158","NZE.Polynesian_new.csv"
"159","NZW.Polynesian_new.csv"
"160","Ojbwe.243_new.csv"
"161","Oman_new.csv"
"162","ParanaBrazil.241_new.csv"
"163","Poland.2_new.csv"
"164","Poland.3_new.csv"
"165","Poland.5_new.csv"
"166","Poland.8_new.csv"
"167","Portugal.2_new.csv"
"168","Portugal.4_new.csv"
"169","Romani.1_new.csv"
"170","Romani.2_new.csv"
"171","Romani.3_new.csv"
"172","Romani.4_new.csv"
"173","Romani.5_new.csv"
"174","Romani.6_new.csv"
"175","Romani.7_new.csv"
"176","RutheneVoj_new.csv"
"177","S.Af.Cauc._new.csv"
"178","S.Af.Colored_new.csv"
"179","S.Africa.1_new.csv"
"180","S.Africa.2_new.csv"
"181","SABlack.242_new.csv"
"182","SAColoured.242_new.csv"
"183","SAIndian.242_new.csv"
"184","Salishan.243_source_new.csv"
"185","San_new.csv"
"186","SantaCruz.250_new.csv"
"187","SaudiArabia_new.csv"
"188","SAWhite.242_new.csv"
"189","Scotland_new.csv"
"190","Serbia.1_new.csv"
"191","Serbia.2_new.csv"
"192","Siberia_new.csv"
"193","SolvakVoj_new.csv"
"194","Somalia_new.csv"
"195","Spain.1_new.csv"
"196","Spain.2_new.csv"
"197","Spain.4_new.csv"
"198","Spain.5_new.csv"
"199","Spain.6_new.csv"
"200","Sweden.3_new.csv"
"201","Tanzania_new.csv"
"202","Thailand_new.csv"
"203","TianjinNChina.231_new.csv"
"204","Tibet.10_new.csv"
"205","Tibet.2_new.csv"
"206","Tibet.3_new.csv"
"207","Tibet.5_new.csv"
"208","Tibet.6_new.csv"
"209","Tibet.7_new.csv"
"210","Tibet.8_new.csv"
"211","Tibet.9_new.csv"
"212","Tojolabal.240_new.csv"
"213","Trin.Af._source_new.csv"
"214","Turkish.220_new.csv"
"215","Tzeltal.240_new.csv"
"216","Tzotzil.240_new.csv"
"217","Uganda_new.csv"
"218","USAf.10_new.csv"
"219","USAf.9_new.csv"
"220","USCauc.1_new.csv"
"221","USCauc.10_new.csv"
"222","USCauc.5_new.csv"
"223","USCauc.9_new.csv"
"224","USHisp.10_new.csv"
"225","USHisp.2_new.csv"
"226","USHisp.3_new.csv"
"227","USHisp.5_new.csv"
"228","USHisp.6_new.csv"
"229","USHisp.8_new.csv"
"230","USHisp.9_new.csv"
"231","Vietnam.2_new.csv"
"232","WNahua.240_new.csv"
"233","WRomanian.235_new.csv"
"234","WSlovakia_new.csv"
"235","Yemen.1_new.csv"
"236","YunnanTibet.249_new.csv"
